sub_id,target,channel,docket_or_pub,deadline_utc,target_send_date,sent_datetime_utc,sent_to,subject_line,files_sent,sha256_of_each_file,ack_received_date,ack_evidence_path,public_url,disposition,notes
S-01,NIST AI 300-1 ipd,email,NIST AI 300-1 ipd,input received by 2026-09-16 (no time/tz stated; verified VR-0006),2026-09-14,,ai-standards+doczd@nist.gov,Comments on NIST AI 300-1 ipd - Shaun Marshall - documentation traceability fields,,,,,,,rev5 2026-09-09: formal send package assembled at send-package/; four review findings closed; DOI registration 2026-09-03T05:31:57Z via DataCite (VR-0010) and GitHub Release published 2026-09-03T05:31:52Z (VR-0011); Zenodo deposit contents still unverified (504). No NIST comment template exists as of 2026-09-09.
S-02,OECD.AI Catalogue,web form,n/a,none,2026-09-18,,https://oecd.ai/en/catalogue/tools/submit,n/a,,,,,,,two entries: GKOS (standard) and GKOS-Engine (tool); listing is not endorsement
S-03,NIST AI 200-2 ipd,email,NIST AI 200-2 ipd,2026-10-06,2026-10-02,,TEVV-Athlon@nist.gov,NIST AI 200-2 — Comments — Shaun Marshall,,,,,,,subject must contain 'NIST AI 200-2'
S-04,NIST NVD RFI,regulations.gov,NIST-2026-0100 / FR 2026-16371 (verified VR-0007),2026-10-13T23:59 ET (verified VR-0007),2026-10-09,,https://www.regulations.gov,n/a,,,,,,,verified 2026-09-08 via Federal Register API; portal only (regulations.gov/commenton/NIST-2026-0100-0001); FR docket line 260805-0401
S-05,NIST SP 1353 ipd,email,SP 1353 ipd,2026-10-15T23:59 (tz unstated),2026-10-12,,csf@nist.gov,Comments on NIST SP 1353 ipd — Shaun Marshall — evidence traceability in prompts,,,,,,,check mailto on csrc.nist.gov/pubs/sp/1353/ipd immediately before sending
S-06,IETF Internet-Draft,datatracker,draft-marshall-gkos-[scope]-00,none,after CR complete,,https://datatracker.ietf.org/submit,n/a,,,,,,,read Note Well + BCP 78 first; only after contribution register shows a distinct finding
S-07,INCITS/AI inquiry,email,n/a,none,2026-09-18,,[from incits.org],,,,,,,,"ask: fee, category, guest, contribution procedure, work item receiving AI 300-1"
S-08,CEN-CENELEC JTC 21,email,prEN 18229-1,none,2026-09-18,,[secretariat via jtc21.eu],,,,,,,,ask which route exists for a non-EU individual; do not assume stage
S-09,W3C,account/CG,n/a,none,2026-09,,https://www.w3.org/community/,,,,,,,,join a provenance or agent CG; post register when complete
